{
    "plddt": 65.86817932128906,
    "gpde": 2.2563796043395996,
    "ptm": 0.4253489077091217,
    "iptm": 0.3784494400024414,
    "chain_gpde": [
        1.4526329040527344,
        0.7323723435401917,
        2.6386542320251465
    ],
    "chain_pair_gpde": [
        [
            0.0,
            17.654388427734375,
            13.263388633728027
        ],
        [
            17.654388427734375,
            0.0,
            14.786030769348145
        ],
        [
            13.263388633728027,
            14.786030769348145,
            0.0
        ]
    ],
    "chain_ptm": [
        0.7650875449180603,
        0.7471561431884766,
        0.5182514190673828
    ],
    "chain_iptm": [
        0.31529825925827026,
        0.18736505508422852,
        0.35761603713035583
    ],
    "chain_pair_iptm": [
        [
            0.0,
            0.14504730701446533,
            0.4855492413043976
        ],
        [
            0.14504730701446533,
            0.0,
            0.2296828180551529
        ],
        [
            0.4855492413043976,
            0.2296828180551529,
            0.0
        ]
    ],
    "chain_pair_iptm_global": [
        [
            0.0,
            0.2513316571712494,
            0.33645713329315186
        ],
        [
            0.2513316571712494,
            0.0,
            0.27249056100845337
        ],
        [
            0.33645713329315186,
            0.27249056100845337,
            0.0
        ]
    ],
    "chain_plddt": [
        0.7228374481201172,
        0.7541871070861816,
        0.5609222650527954
    ],
    "chain_pair_plddt": [
        [
            0.0,
            0.7343474626541138,
            0.6337575316429138
        ],
        [
            0.7343474626541138,
            0.0,
            0.6231027841567993
        ],
        [
            0.6337575316429138,
            0.6231027841567993,
            0.0
        ]
    ],
    "has_clash": false,
    "disorder": 0.0,
    "ranking_score": 0.38782933354377747,
    "num_recycles": 10
}