{
    "plddt": 65.88475036621094,
    "gpde": 2.2528271675109863,
    "ptm": 0.4274371564388275,
    "iptm": 0.3892674744129181,
    "chain_gpde": [
        1.4335063695907593,
        0.7281132936477661,
        2.623077630996704
    ],
    "chain_pair_gpde": [
        [
            0.0,
            17.562847137451172,
            13.447244644165039
        ],
        [
            17.562847137451172,
            0.0,
            15.438234329223633
        ],
        [
            13.447244644165039,
            15.438234329223633,
            0.0
        ]
    ],
    "chain_ptm": [
        0.760329008102417,
        0.7457503080368042,
        0.5174937844276428
    ],
    "chain_iptm": [
        0.32146137952804565,
        0.17197856307029724,
        0.3558107614517212
    ],
    "chain_pair_iptm": [
        [
            0.0,
            0.1376291811466217,
            0.5052935481071472
        ],
        [
            0.1376291811466217,
            0.0,
            0.20632794499397278
        ],
        [
            0.5052935481071472,
            0.20632794499397278,
            0.0
        ]
    ],
    "chain_pair_iptm_global": [
        [
            0.0,
            0.24671997129917145,
            0.3386360704898834
        ],
        [
            0.24671997129917145,
            0.0,
            0.2638946771621704
        ],
        [
            0.3386360704898834,
            0.2638946771621704,
            0.0
        ]
    ],
    "chain_plddt": [
        0.7240043878555298,
        0.7497817873954773,
        0.5624376535415649
    ],
    "chain_pair_plddt": [
        [
            0.0,
            0.7334685325622559,
            0.6351161599159241
        ],
        [
            0.7334685325622559,
            0.0,
            0.6227132678031921
        ],
        [
            0.6351161599159241,
            0.6227132678031921,
            0.0
        ]
    ],
    "has_clash": false,
    "disorder": 0.0,
    "ranking_score": 0.396901398897171,
    "num_recycles": 10
}