{
    "plddt": 65.82199096679688,
    "gpde": 2.2774879932403564,
    "ptm": 0.42234769463539124,
    "iptm": 0.3823719322681427,
    "chain_gpde": [
        1.5338537693023682,
        0.727581799030304,
        2.622406244277954
    ],
    "chain_pair_gpde": [
        [
            0.0,
            17.934545516967773,
            13.194396018981934
        ],
        [
            17.934545516967773,
            0.0,
            14.640144348144531
        ],
        [
            13.194396018981934,
            14.640144348144531,
            0.0
        ]
    ],
    "chain_ptm": [
        0.7630254626274109,
        0.7476909160614014,
        0.517952561378479
    ],
    "chain_iptm": [
        0.31351515650749207,
        0.18322816491127014,
        0.3633725941181183
    ],
    "chain_pair_iptm": [
        [
            0.0,
            0.13337072730064392,
            0.4936595857143402
        ],
        [
            0.13337072730064392,
            0.0,
            0.23308560252189636
        ],
        [
            0.4936595857143402,
            0.23308560252189636,
            0.0
        ]
    ],
    "chain_pair_iptm_global": [
        [
            0.0,
            0.2483716607093811,
            0.3384438753128052
        ],
        [
            0.2483716607093811,
            0.0,
            0.2733003795146942
        ],
        [
            0.3384438753128052,
            0.2733003795146942,
            0.0
        ]
    ],
    "chain_plddt": [
        0.7193455696105957,
        0.7540808916091919,
        0.5627689957618713
    ],
    "chain_pair_plddt": [
        [
            0.0,
            0.7320986390113831,
            0.6332027912139893
        ],
        [
            0.7320986390113831,
            0.0,
            0.6243211627006531
        ],
        [
            0.6332027912139893,
            0.6243211627006531,
            0.0
        ]
    ],
    "has_clash": false,
    "disorder": 0.0,
    "ranking_score": 0.3903670907020569,
    "num_recycles": 10
}