{
    "plddt": 65.90459442138672,
    "gpde": 2.257925033569336,
    "ptm": 0.42577800154685974,
    "iptm": 0.38393524289131165,
    "chain_gpde": [
        1.460159420967102,
        0.7296197414398193,
        2.6282458305358887
    ],
    "chain_pair_gpde": [
        [
            0.0,
            18.118322372436523,
            13.155280113220215
        ],
        [
            18.118322372436523,
            0.0,
            15.086607933044434
        ],
        [
            13.155280113220215,
            15.086607933044434,
            0.0
        ]
    ],
    "chain_ptm": [
        0.7686902284622192,
        0.7467367053031921,
        0.5182886719703674
    ],
    "chain_iptm": [
        0.317190021276474,
        0.1774372160434723,
        0.35563042759895325
    ],
    "chain_pair_iptm": [
        [
            0.0,
            0.13899679481983185,
            0.49538323283195496
        ],
        [
            0.13899679481983185,
            0.0,
            0.21587763726711273
        ],
        [
            0.49538323283195496,
            0.21587763726711273,
            0.0
        ]
    ],
    "chain_pair_iptm_global": [
        [
            0.0,
            0.24731361865997314,
            0.3364102244377136
        ],
        [
            0.24731361865997314,
            0.0,
            0.26653382182121277
        ],
        [
            0.3364102244377136,
            0.26653382182121277,
            0.0
        ]
    ],
    "chain_plddt": [
        0.7246261239051819,
        0.7534074783325195,
        0.560664176940918
    ],
    "chain_pair_plddt": [
        [
            0.0,
            0.735193133354187,
            0.6344200968742371
        ],
        [
            0.735193133354187,
            0.0,
            0.6226768493652344
        ],
        [
            0.6344200968742371,
            0.6226768493652344,
            0.0
        ]
    ],
    "has_clash": false,
    "disorder": 0.0,
    "ranking_score": 0.39230379462242126,
    "num_recycles": 10
}