{
    "plddt": 65.90017700195312,
    "gpde": 2.2097630500793457,
    "ptm": 0.4289589822292328,
    "iptm": 0.39355602860450745,
    "chain_gpde": [
        1.3509929180145264,
        0.7336885333061218,
        2.627382516860962
    ],
    "chain_pair_gpde": [
        [
            0.0,
            17.421720504760742,
            13.069135665893555
        ],
        [
            17.421720504760742,
            0.0,
            14.830253601074219
        ],
        [
            13.069135665893555,
            14.830253601074219,
            0.0
        ]
    ],
    "chain_ptm": [
        0.766042947769165,
        0.7477927207946777,
        0.516716480255127
    ],
    "chain_iptm": [
        0.3321491777896881,
        0.1899142861366272,
        0.36670222878456116
    ],
    "chain_pair_iptm": [
        [
            0.0,
            0.15536125004291534,
            0.5089371204376221
        ],
        [
            0.15536125004291534,
            0.0,
            0.22446732223033905
        ],
        [
            0.5089371204376221,
            0.22446732223033905,
            0.0
        ]
    ],
    "chain_pair_iptm_global": [
        [
            0.0,
            0.26103174686431885,
            0.34942570328712463
        ],
        [
            0.26103174686431885,
            0.0,
            0.27830827236175537
        ],
        [
            0.34942570328712463,
            0.27830827236175537,
            0.0
        ]
    ],
    "chain_plddt": [
        0.7244364023208618,
        0.7526209950447083,
        0.5610910654067993
    ],
    "chain_pair_plddt": [
        [
            0.0,
            0.7347843647003174,
            0.6345697045326233
        ],
        [
            0.7347843647003174,
            0.0,
            0.6227134466171265
        ],
        [
            0.6345697045326233,
            0.6227134466171265,
            0.0
        ]
    ],
    "has_clash": false,
    "disorder": 0.0,
    "ranking_score": 0.40063661336898804,
    "num_recycles": 10
}